name,min price,max price
Enhanced Matte Paper Poster (in),7,18
Enhanced Matte Paper Framed Poster (in),18,75
Canvas (in),30,65
2001 Unisex Fine Jersey Short Sleeve T-Shirt,13,17
2102 Fine Jersey Short Sleeve Women T-Shirt,13,16
2007 Unisex Fine Jersey Long Sleeve T-Shirt,16,19
2408 Fine Jersey Tank Top Unisex,14,15
64000 Unisex Softstyle T-Shirt,7,11
2200 Ultra Cotton Tank Top,13,15
5495W Unisex California Fleece Pullover Hoodie,27,31
5454W Unisex California Fleece Raglan Sweatshirt,25,27
White Glossy Mug,7,10
2105W Kids Fine Jersey Short Sleeve T-Shirt,13,14
2201W Youth Fine Jersey Short Sleeve T-Shirt,13,14
980 Lightweight Fashion Short Sleeve T-Shirt,13,16
982 Lightweight Fashion V-Neck T-Shirt,13,15
5000L Ladies Heavy Cotton Short Sleeve T-Shirt,12,15
2000 Ultra Cotton T-Shirt,12,18
2400 Ultra Cotton Long Sleeve T-Shirt,15,21
3001 Unisex Short Sleeve Jersey T-Shirt,12,18
990B Youth Lightweight Fashion T-Shirt,12,12
125-978 - Wool Blend Snapback,15,15
151-1098 - Cotton 5Panel Camper,15,15
82-480 - Knit Beanie 12",14,14
All-Over Print Basic Pillow,15,18
All-Over Print Tote,16,16
3630 - Unstructured 6 Panel Made in the USA,17,17
All-Over Print Basic Pillow Case,13,15
6007 Five-Panel Flat Bill Cap,13,13
7005 Cotton 5Panel,14,14
SP15 Pom Pom Knit Cap,14,14
882L Ladies Missy Fit Ringspun Tank Top,12,14
391 Ladies Sheer Scoopneck T-Shirt,14,16
Yupoong 6089M Wool Blend Snapback,14,14
6006 Five Panel Trucker Cap,13,13
3600 Premium Fitted Short Sleeve Crew,14,17
880 Ladies Ringspun Fashion Fit T-Shirt,14,16
3900 Ladies' The Boyfriend Tee,15,16
3710 Girl's The Princess Tee,13,13
3601 Premium Fitted Long Sleeve Crew,17,19
8430 Ladies' Triblend Racerback Tank,15,17
6277 Structured Twill Cap,16,16
TR401 Unisex Tri-Blend Short Sleeve Track Shirt,17,19
18000 Unisex Heavy Blend Crewneck Sweatshirt,17,23
18500 Unisex Heavy Blend Hooded Sweatshirt,20,26
TR308W Women's Tri-Blend Racerback Tank,15,15
TR408W Unisex Soft Tri-Blend Tank,16,16
TR301W Women's Tri-Blend T-Shirt,16,16
F497W Unisex Flex Fleece Zip Hoodie,34,36
BB401 Unisex Poly-Cotton Short Sleeve Crew Neck,17,19
2000L Ladies' Ultra Cotton T-Shirt,12,15
4013 Ladies' Cap Sleeve T-Shirt,17,17
3413 Unisex Triblend Short Sleeve T-Shirt,16,21
6733 Ladies' Triblend Racerback Tank,15,16
Premium Luster Photo Paper Poster (in),9,22
Premium Luster Photo Paper Framed Poster (in),23,89
8413 Ladies' Triblend Short Sleeve T-Shirt,15,17
8860 Nicole 6 Ounce Cotton Canvas Tote,13,13
2001TLW Unisex Jersey Tall T-Shirt,13,16
iPhone Case,10,10
154-1124 - Superior Cotton Twill Flat Visor Mesh Back Snapback,14,14
BB453 Poly-Cotton 3/4 Sleeve Raglan Shirt,18,19
Black Foot Sublimated Socks,9,9
6681 Women's Crop Tee,15,15
All-Over Print Leggings,25,25
All-Over Print Dress,25,25
All-Over Print Pencil Skirt,17,17
All-Over Print Crop Top,17,17
All-Over Print Women's Tank Top,19,19
All-Over Print Mini Skirt,17,17
Yupoong 6245CM - Unstructured Classic Dad Cap,15,15
All-Over Print Premium Pillow,17,20
All-Over Print Premium Pillow Case,15,17
8852 Women's Flowy Long Sleeve Tee with 2x1 Sleeves,20,20
All-Over Print Capri Leggings,23,23
8800 Women's Flowy Racerback Tank,17,19
3005 Unisex Short Sleeve V-Neck Jersey Tee,15,17
2332 Fine Jersey Short Sleeve Cropped T-Shirt,15,15
Embroidery sample,9,9
245 Unisex Fine Jersey Raglan Tee,16,18
4400 Infant Baby Rib Bodysuit,13,14
4411 Infant Long Sleeve Baby Rib Bodysuit,13,14
3401 Infant Cotton Jersey Tee,12,13
All-Over Print Yoga Leggings,29,29
Custom Products,0,0
3480 Unisex Jersey Tank,14,17
Yupoong 6606 Retro Trucker Cap,13,13
5003 Bucket Hat,16,16
988 Lightweight Ringer Tee,15,17
6004 Women's The Favorite Tee,14,15
All-Over Print Men's V-Neck T-Shirt,25,27
All-Over Print Men's Crew Neck T-Shirt,25,27
Sublimated Towel,24,24
All-Over Print Women's V-Neck T-Shirt,24,26
All-Over Print Women's Crew Neck T-Shirt,24,26
All-Over Print Drawstring Bag,15,15
8110 Visor,16,16
Yupoong 12" Cuffed Beanie 1501KC,13,13
Samsung Case,10,10
Enhanced Matte Paper Poster (cm),8,19
8803 Women's Flowy Muscle Tank,17,17
All-Over Print One-Piece Swimsuit,27,27
All-Over Print Bikini,29,29
All-Over Print Beach Bag,24,24
All-Over Print Women's Racerback Tank Top,23,23
All-Over Print Men's Tank Top,23,23
All-Over Print Backpack,31,31
All-Over Print Yoga Capri Leggings,27,27
All-Over Print Yoga Shorts,21,21
All-Over Print Sports Bra,24,24
3800 Embroidered Polo Shirt,15,17
All-Over Print Men's Leggings,29,33
8435 Triblend Deep V-Neck T-Shirt,15,17
88VL Lightweight V-Neck T-Shirt,13,15
82800L Embroidered Women's Premium Polo Shirt,16,18
3939 Unisex Triblend Lightweight Zip Hoodie,25,27
3719 Unisex Fleece Pullover Hoodie,25,27
5502 Embroidered Apron,16,16
All-Over Print Shorts,17,21
2001W Unisex Embroidered T-Shirt,14,16
All-Over Print Men's Rash Guard,33,35
All-Over Print Women's Rash Guard,32,35
All-Over Print Crop Tee,21,23
Enhanced Matte Paper Framed Poster (cm),19,75
3001B Baby Jersey Short Sleeve Tee,11,11
3001T Toddler Short Sleeve Tee,12,12
3001Y Youth Short Sleeve Tee,12,12
100B Baby Jersey Short Sleeve One Piece,12,12
All-Over Print Bikini Top,15,15
All-Over Print Bikini Bottom,15,15
All-Over Print Skater Skirt,27,29
All-Over Print Skater Dress,32,34
7503 Women's Fleece Crop Sweatshirt,27,27
7502 Women's Fleece Crop Hoodie,29,31
S149 Crewneck Sweatshirt,39,41
S171 Cotton Max Hoodie,39,41
All-Over Print Unisex Sweatshirt,35,37
All-Over Print Kids Leggings,17,17
All-Over Print Youth Leggings,17,17
18-1248 Vintage Cap,15,15
All-Over Print Men's Athletic T-Shirt,28,30
All-Over Print Women's Athletic T-Shirt,28,30
All-Over Print Women's Athletic Short Shorts,24,26
All-Over Print Men's Athletic Long Shorts,26,28
All-Over Print Plus Size Leggings,29,29
3006 Long Body Urban Tee,15,17
3014 Raw Neck Tee,15,17
All-Over Print Bean Bag Chair w/ filling,72,72
All-Over Print Bean Bag Cover,44,44
3710 Piped Fleece Jacket,33,34
K500 Premium Polo Shirt,18,20
Matte Black Magic Mug,10,10
975MPR Unisex Joggers,22,24
9700 Bomber Jacket,35,37
All-Over Print Kids Swimsuit,21,21
All-Over Print Youth Swimsuit,24,24
All-Over Print Fanny Pack,24,24
4600 Unisex Eco Tee,16,18
1004 Embroidered Baby Bib,10,10
3501 Unisex Long Sleeve Shirt,16,18
Kiss Cut Stickers,2,2
Sublimation Flip-Flops,12,12
6400 Women's Relaxed Short Sleeve Jersey Tee,14,16
8882 Women's  Flowy Crop Tee,17,19
Unisex Organic T-Shirt,17,19
3483 Muscle Tank,15,17
Framed Poster with Frame Mat (cm),20,82
EC8000 Organic Cotton Tote Bag,14,14
All-Over Print Kids Rash Guard,22,22
All-Over Print Youth Rash Guard,24,24
Kids Hoodie,22,22
CO100 Unisex Bomber Jacket,44,50
Dad Hat,18,18
T105 Heritage Jersey T-Shirt,18,20
CC8C Long Sleeve T-Shirt,21,23
EC8001 Organic Cotton Large Tote,15,15
BX003 Bucket Hat,15,15
M2580 Premium Unisex Hoodie,26,27
Liquid Glitter Phone Case,12,12
Vintage Dad hat | Beechfield B655,16,16
All-Over Print Kids Crew Neck T-shirt,18,18
All-Over Print Youth Crew Neck T-shirt,20,20
Embroidered Champion Backpack,31,31
All-Over Print Padded Sports Bra,28,28
All-Over Print Unisex Hoodie,39,41
LST270 Women's Letterman Jacket,36,38
ST270 Men's Fleece Letterman Jacket,36,38
Laptop Sleeve,17,19
Throw blanket,24,24
104-1018 Distressed Dad Hat | Otto Cap 104-1018,14,14
Packable Jacket CO200,35,37
All-Over Print Men's Joggers,36,38
All-Over Print Women's Joggers,36,38
Glossy Black Magic Mug,9,9
Ceramic Mug with Color Inside,8,8